No,Latitude,Longitude,Altitude,Heartrate,Cadence,Date,Time
12022,33.824434,-84.328021,278.9,0.000,,2012/12/31,11:48:46
12023,33.824383,-84.327978,275.6,0.000,,2012/12/31,11:48:52
12024,33.824360,-84.327948,278.9,0.000,,2012/12/31,11:48:55
12025,33.824317,-84.327851,284.2,0.000,,2012/12/31,11:49:02
12026,33.824313,-84.327820,284.7,0.000,,2012/12/31,11:49:04
12027,33.824281,-84.327756,287.6,0.000,,2012/12/31,11:49:10
12028,33.824267,-84.327645,288.1,0.000,,2012/12/31,11:49:17
12029,33.824281,-84.327607,284.7,0.000,,2012/12/31,11:49:22
12030,33.824276,-84.327597,283.7,0.000,,2012/12/31,11:49:23
12031,33.824198,-84.327528,284.2,0.000,,2012/12/31,11:49:29
12032,33.824120,-84.327488,282.8,0.000,,2012/12/31,11:49:36
12033,33.824046,-84.327436,281.8,0.000,,2012/12/31,11:49:42
12034,33.823987,-84.327397,278.0,0.000,,2012/12/31,11:49:46
12035,33.823905,-84.327307,286.1,0.000,,2012/12/31,11:49:52
12036,33.823848,-84.327203,293.3,0.000,,2012/12/31,11:49:58
12037,33.823815,-84.327091,295.7,0.000,,2012/12/31,11:50:03
12038,33.823818,-84.327004,299.1,0.000,,2012/12/31,11:50:09
12039,33.823807,-84.326938,298.6,0.000,,2012/12/31,11:50:13
12040,33.823804,-84.326885,297.2,0.000,,2012/12/31,11:50:17
12041,33.823770,-84.326778,300.5,0.000,,2012/12/31,11:50:24
12042,33.823740,-84.326734,300.1,0.000,,2012/12/31,11:50:29
12043,33.823708,-84.326665,299.6,0.000,,2012/12/31,11:50:35
12044,33.823683,-84.326625,300.5,0.000,,2012/12/31,11:50:38
12045,33.823662,-84.326587,303.9,0.000,,2012/12/31,11:50:44
12046,33.823686,-84.326664,303.9,0.000,,2012/12/31,11:50:52
12047,33.823649,-84.326582,307.3,0.000,,2012/12/31,11:50:56
12048,33.823629,-84.326471,308.2,0.000,,2012/12/31,11:51:02
12049,33.823613,-84.326352,309.7,0.000,,2012/12/31,11:51:11
12050,33.823601,-84.326259,309.2,0.000,,2012/12/31,11:51:17
12051,33.823616,-84.326192,307.3,0.000,,2012/12/31,11:51:24
12052,33.823605,-84.326122,308.2,0.000,,2012/12/31,11:51:31
12053,33.823613,-84.326113,300.5,0.000,,2012/12/31,11:51:39
12054,33.823610,-84.326074,290.0,0.000,,2012/12/31,11:51:48
12055,33.823611,-84.326035,285.6,0.000,,2012/12/31,11:52:01
12056,33.823598,-84.325968,288.5,0.000,,2012/12/31,11:52:08
12057,33.823547,-84.325939,289.0,0.000,,2012/12/31,11:52:13
12058,33.823526,-84.325981,286.6,0.000,,2012/12/31,11:52:17
12059,33.823488,-84.326064,282.8,0.000,,2012/12/31,11:52:24
12060,33.823495,-84.326096,278.4,0.000,,2012/12/31,11:52:31
12061,33.823516,-84.326137,273.2,0.000,,2012/12/31,11:52:54
12062,33.823495,-84.326129,277.5,0.000,,2012/12/31,11:53:08
12063,33.823494,-84.326127,276.0,0.000,,2012/12/31,11:53:18
12064,33.823495,-84.326108,273.6,0.000,,2012/12/31,11:53:22
12065,33.823538,-84.326070,264.5,0.000,,2012/12/31,11:53:32
12066,33.823543,-84.326099,263.5,0.000,,2012/12/31,11:53:39
12067,33.823529,-84.326131,257.3,0.000,,2012/12/31,11:53:44
12068,33.823507,-84.326163,252.5,0.000,,2012/12/31,11:53:48
12069,33.823451,-84.326132,251.5,0.000,,2012/12/31,11:53:54
12070,33.823359,-84.326088,256.8,0.000,,2012/12/31,11:54:02
12071,33.823315,-84.326058,260.2,0.000,,2012/12/31,11:54:05
12072,33.823244,-84.325991,268.3,0.000,,2012/12/31,11:54:11
12073,33.823221,-84.325958,268.8,0.000,,2012/12/31,11:54:14
12074,33.823111,-84.325875,283.2,0.000,,2012/12/31,11:54:23
12075,33.823062,-84.325847,287.6,0.000,,2012/12/31,11:54:27
12076,33.823012,-84.325805,288.5,0.000,,2012/12/31,11:54:32
12077,33.822917,-84.325724,289.5,0.000,,2012/12/31,11:54:40
12078,33.822842,-84.325659,285.6,0.000,,2012/12/31,11:54:47
12079,33.822810,-84.325653,283.2,0.000,,2012/12/31,11:54:54
12080,33.822833,-84.325664,272.2,0.000,,2012/12/31,11:55:06
12081,33.822840,-84.325651,265.5,0.000,,2012/12/31,11:55:11
12082,33.822857,-84.325641,262.1,0.000,,2012/12/31,11:55:15
12083,33.822895,-84.325645,266.4,0.000,,2012/12/31,11:55:24
12084,33.822933,-84.325630,272.2,0.000,,2012/12/31,11:55:31
12085,33.822949,-84.325606,278.9,0.000,,2012/12/31,11:55:36
12086,33.823001,-84.325646,317.4,0.000,,2012/12/31,11:56:22
12087,33.823046,-84.325656,317.4,0.000,,2012/12/31,11:56:25
12088,33.823127,-84.325655,305.4,0.000,,2012/12/31,11:56:31
12089,33.823182,-84.325707,305.8,0.000,,2012/12/31,11:56:36
12090,33.823215,-84.325721,304.4,0.000,,2012/12/31,11:56:39
12091,33.823239,-84.325724,304.9,0.000,,2012/12/31,11:56:41
12092,33.823257,-84.325650,300.5,0.000,,2012/12/31,11:56:46
12093,33.823225,-84.325608,297.2,0.000,,2012/12/31,11:56:50
12094,33.823215,-84.325531,296.2,0.000,,2012/12/31,11:56:54
12095,33.823221,-84.325462,292.9,0.000,,2012/12/31,11:56:58
12096,33.823250,-84.325413,290.0,0.000,,2012/12/31,11:57:02
12097,33.823295,-84.325363,285.2,0.000,,2012/12/31,11:57:08
12098,33.823326,-84.325358,288.1,0.000,,2012/12/31,11:57:15
12099,33.823428,-84.325269,292.4,0.000,,2012/12/31,11:57:29
12100,33.823499,-84.325244,289.0,0.000,,2012/12/31,11:57:38
12101,33.823558,-84.325200,286.1,0.000,,2012/12/31,11:57:45
12102,33.823620,-84.325149,290.0,0.000,,2012/12/31,11:57:52
12103,33.823675,-84.325128,294.3,0.000,,2012/12/31,11:57:58
12104,33.823712,-84.325159,297.7,0.000,,2012/12/31,11:58:03
12105,33.823741,-84.325212,302.0,0.000,,2012/12/31,11:58:07
12106,33.823791,-84.325297,304.4,0.000,,2012/12/31,11:58:13
12107,33.823816,-84.325314,306.8,0.000,,2012/12/31,11:58:16
12108,33.823895,-84.325332,301.5,0.000,,2012/12/31,11:58:22
12109,33.823927,-84.325328,301.0,0.000,,2012/12/31,11:58:24
12110,33.823997,-84.325309,299.6,0.000,,2012/12/31,11:58:32
12111,33.824051,-84.325352,299.1,0.000,,2012/12/31,11:58:39
12112,33.824057,-84.325344,299.6,0.000,,2012/12/31,11:58:46
12113,33.824067,-84.325337,300.1,0.000,,2012/12/31,11:58:53
12114,33.824054,-84.325372,299.1,0.000,,2012/12/31,11:58:59
12115,33.824053,-84.325456,300.1,0.000,,2012/12/31,11:59:05
12116,33.824071,-84.325483,298.6,0.000,,2012/12/31,11:59:13
12117,33.824081,-84.325501,299.1,0.000,,2012/12/31,11:59:15
12118,33.824084,-84.325592,299.6,0.000,,2012/12/31,11:59:20
12119,33.824089,-84.325674,299.1,0.000,,2012/12/31,11:59:27
12120,33.824088,-84.325688,299.6,0.000,,2012/12/31,11:59:28
12121,33.824092,-84.325729,297.2,0.000,,2012/12/31,11:59:35
12122,33.824090,-84.325726,284.7,0.000,,2012/12/31,11:59:44
12123,33.824089,-84.325732,287.1,0.000,,2012/12/31,11:59:47
12124,33.824054,-84.325828,296.7,0.000,,2012/12/31,11:59:58
12125,33.824044,-84.325877,302.0,0.000,,2012/12/31,12:00:04
12126,33.824044,-84.326006,299.1,0.000,,2012/12/31,12:00:11
12127,33.824043,-84.326057,297.2,0.000,,2012/12/31,12:00:14
12128,33.824040,-84.326149,298.1,0.000,,2012/12/31,12:00:20
12129,33.824033,-84.326165,298.6,0.000,,2012/12/31,12:00:21
12130,33.824044,-84.326219,291.9,0.000,,2012/12/31,12:00:25
12131,33.824042,-84.326302,288.1,0.000,,2012/12/31,12:00:31
12132,33.824062,-84.326382,276.5,0.000,,2012/12/31,12:00:38
12133,33.824066,-84.326407,273.2,0.000,,2012/12/31,12:00:41
12134,33.824055,-84.326508,274.1,0.000,,2012/12/31,12:00:48
12135,33.824055,-84.326548,273.6,0.000,,2012/12/31,12:00:51
12136,33.824056,-84.326611,274.1,0.000,,2012/12/31,12:00:55
12137,33.824042,-84.326723,270.7,0.000,,2012/12/31,12:01:00
12138,33.824051,-84.326782,264.5,0.000,,2012/12/31,12:01:05
12139,33.824063,-84.326794,260.7,0.000,,2012/12/31,12:01:07
12140,33.824008,-84.326867,265.9,0.000,,2012/12/31,12:01:14
12141,33.823965,-84.326906,266.4,0.000,,2012/12/31,12:01:23
12142,33.823983,-84.326997,263.1,0.000,,2012/12/31,12:01:28
12143,33.823959,-84.327085,259.7,0.000,,2012/12/31,12:01:35
12144,33.823954,-84.327137,251.0,0.000,,2012/12/31,12:01:39
12145,33.823908,-84.327256,252.0,0.000,,2012/12/31,12:01:46
12146,33.823850,-84.327305,258.7,0.000,,2012/12/31,12:01:52
12147,33.823807,-84.327341,265.5,0.000,,2012/12/31,12:02:01
12148,33.823712,-84.327367,287.1,0.000,,2012/12/31,12:02:25
12149,33.823716,-84.327382,283.7,0.000,,2012/12/31,12:02:33
12150,33.823720,-84.327382,286.6,0.000,,2012/12/31,12:02:43
12151,33.823700,-84.327431,291.4,0.000,,2012/12/31,12:02:56
12152,33.823642,-84.327479,285.6,0.000,,2012/12/31,12:03:03
12153,33.823639,-84.327512,278.0,0.000,,2012/12/31,12:03:09
12154,33.823653,-84.327493,273.2,0.000,,2012/12/31,12:03:11
12155,33.823644,-84.327499,274.6,0.000,,2012/12/31,12:03:22
12156,33.823639,-84.327513,275.6,0.000,,2012/12/31,12:03:23
12157,33.823608,-84.327594,280.4,0.000,,2012/12/31,12:03:28
12158,33.823605,-84.327604,278.9,0.000,,2012/12/31,12:03:29
12159,33.823628,-84.327657,269.8,0.000,,2012/12/31,12:03:39
12160,33.823622,-84.327710,288.1,0.000,,2012/12/31,12:03:51
12161,33.823532,-84.327781,315.9,0.000,,2012/12/31,12:04:15
12162,33.823516,-84.327823,320.3,0.000,,2012/12/31,12:04:24
12163,33.823507,-84.327860,301.5,0.000,,2012/12/31,12:04:45
12164,33.823464,-84.327917,307.8,0.000,,2012/12/31,12:05:02
12165,33.823463,-84.327871,309.2,0.000,,2012/12/31,12:05:12
12166,33.823569,-84.327835,309.2,0.000,,2012/12/31,12:05:43
12167,33.823607,-84.327665,301.5,0.000,,2012/12/31,12:05:59
12168,33.823605,-84.327666,303.0,0.000,,2012/12/31,12:06:05
12169,33.823589,-84.327655,303.9,0.000,,2012/12/31,12:06:07
12170,33.823585,-84.327586,302.5,0.000,,2012/12/31,12:06:14
12171,33.823552,-84.327469,302.0,0.000,,2012/12/31,12:06:22
12172,33.823529,-84.327365,299.1,0.000,,2012/12/31,12:06:29
12173,33.823472,-84.327273,302.0,0.000,,2012/12/31,12:06:37
12174,33.823528,-84.327192,281.3,0.000,,2012/12/31,12:06:56
12175,33.823531,-84.327203,278.4,0.000,,2012/12/31,12:06:59
12176,33.823486,-84.327167,281.8,0.000,,2012/12/31,12:07:05
12177,33.823440,-84.327117,285.6,0.000,,2012/12/31,12:07:12
12178,33.823425,-84.327039,282.3,0.000,,2012/12/31,12:07:19
12179,33.823423,-84.327026,281.8,0.000,,2012/12/31,12:07:20
12180,33.823420,-84.326933,282.8,0.000,,2012/12/31,12:07:27
12181,33.823423,-84.326917,282.8,0.000,,2012/12/31,12:07:28
12182,33.823386,-84.326802,284.2,0.000,,2012/12/31,12:07:35
12183,33.823383,-84.326683,285.2,0.000,,2012/12/31,12:07:43
12184,33.823377,-84.326650,284.7,0.000,,2012/12/31,12:07:45
12185,33.823281,-84.326519,287.1,0.000,,2012/12/31,12:07:55
12186,33.823206,-84.326456,283.7,0.000,,2012/12/31,12:08:02
12187,33.823118,-84.326354,282.3,0.000,,2012/12/31,12:08:10
12188,33.823031,-84.326260,284.2,0.000,,2012/12/31,12:08:18
12189,33.823024,-84.326248,284.2,0.000,,2012/12/31,12:08:19
12190,33.822995,-84.326184,282.3,0.000,,2012/12/31,12:08:26
12191,33.822931,-84.326112,281.3,0.000,,2012/12/31,12:08:33
12192,33.822888,-84.326038,280.8,0.000,,2012/12/31,12:08:39
12193,33.822845,-84.325946,280.4,0.000,,2012/12/31,12:08:46
12194,33.822830,-84.325865,281.8,0.000,,2012/12/31,12:08:53
12195,33.822804,-84.325774,282.8,0.000,,2012/12/31,12:09:00
12196,33.822811,-84.325790,281.3,0.000,,2012/12/31,12:09:08
12197,33.822802,-84.325863,276.5,0.000,,2012/12/31,12:09:36
12198,33.822708,-84.325905,292.9,0.000,,2012/12/31,12:09:55
12199,33.822690,-84.325883,292.9,0.000,,2012/12/31,12:09:59
12200,33.822749,-84.325904,296.7,0.000,,2012/12/31,12:10:13
12201,33.822752,-84.325884,297.7,0.000,,2012/12/31,12:10:15
12202,33.822678,-84.325806,301.5,0.000,,2012/12/31,12:10:41
12203,33.822669,-84.325781,304.4,0.000,,2012/12/31,12:10:53
12204,33.822701,-84.325771,301.5,0.000,,2012/12/31,12:11:00
12205,33.822698,-84.325774,302.0,0.000,,2012/12/31,12:11:01
12206,33.822731,-84.325794,305.4,0.000,,2012/12/31,12:11:13
12207,33.822738,-84.325847,315.4,0.000,,2012/12/31,12:11:18
12208,33.822692,-84.325881,329.4,0.000,,2012/12/31,12:11:27
12209,33.822675,-84.325860,317.9,0.000,,2012/12/31,12:11:32
12210,33.822678,-84.325862,314.5,0.000,,2012/12/31,12:11:34
12211,33.822647,-84.325917,318.8,0.000,,2012/12/31,12:11:40
12212,33.822648,-84.325904,313.0,0.000,,2012/12/31,12:11:49
12213,33.822611,-84.325918,315.9,0.000,,2012/12/31,12:11:52
12214,33.822581,-84.326001,304.4,0.000,,2012/12/31,12:11:59
12215,33.822571,-84.326004,303.9,0.000,,2012/12/31,12:12:00
12216,33.822460,-84.326020,301.0,0.000,,2012/12/31,12:12:07
12217,33.822438,-84.326069,297.2,0.000,,2012/12/31,12:12:12
12218,33.822466,-84.326176,294.8,0.000,,2012/12/31,12:12:18
12219,33.822473,-84.326209,294.8,0.000,,2012/12/31,12:12:20
12220,33.822485,-84.326262,295.7,0.000,,2012/12/31,12:12:24
12221,33.822485,-84.326347,296.2,0.000,,2012/12/31,12:12:29
12222,33.822488,-84.326412,298.1,0.000,,2012/12/31,12:12:34
12223,33.822490,-84.326482,295.3,0.000,,2012/12/31,12:12:38
12224,33.822505,-84.326589,297.2,0.000,,2012/12/31,12:12:47
12225,33.822506,-84.326618,292.9,0.000,,2012/12/31,12:12:50
12226,33.822492,-84.326643,298.6,0.000,,2012/12/31,12:12:53
12227,33.822482,-84.326678,302.0,0.000,,2012/12/31,12:12:58
12228,33.822465,-84.326753,301.0,0.000,,2012/12/31,12:13:05
12229,33.822442,-84.326827,303.9,0.000,,2012/12/31,12:13:12
12230,33.822436,-84.326849,301.0,0.000,,2012/12/31,12:13:18
12231,33.822440,-84.326851,302.0,0.000,,2012/12/31,12:13:19
12232,33.822465,-84.326827,302.0,0.000,,2012/12/31,12:13:24
12233,33.822515,-84.326767,293.8,0.000,,2012/12/31,12:13:32
12234,33.822541,-84.326694,286.1,0.000,,2012/12/31,12:13:40
12235,33.822517,-84.326634,288.1,0.000,,2012/12/31,12:13:45
12236,33.822508,-84.326597,287.6,0.000,,2012/12/31,12:13:49
12237,33.822496,-84.326566,288.5,0.000,,2012/12/31,12:13:52
12238,33.822501,-84.326549,288.1,0.000,,2012/12/31,12:13:54
12239,33.822515,-84.326498,286.1,0.000,,2012/12/31,12:13:57
12240,33.822537,-84.326372,283.2,0.000,,2012/12/31,12:14:05
12241,33.822527,-84.326256,288.5,0.000,,2012/12/31,12:14:12
12242,33.822508,-84.326163,292.9,0.000,,2012/12/31,12:14:18
12243,33.822507,-84.326089,292.9,0.000,,2012/12/31,12:14:24
12244,33.822495,-84.326041,299.1,0.000,,2012/12/31,12:14:29
12245,33.822450,-84.326108,328.4,0.000,,2012/12/31,12:16:12
12246,33.822456,-84.326104,327.9,0.000,,2012/12/31,12:16:13
12247,33.822516,-84.326058,307.3,0.000,,2012/12/31,12:16:30
12248,33.822543,-84.326055,306.3,0.000,,2012/12/31,12:16:32
12249,33.822608,-84.326069,304.9,0.000,,2012/12/31,12:16:37
12250,33.822663,-84.325997,305.8,0.000,,2012/12/31,12:16:43
12251,33.822711,-84.325929,302.0,0.000,,2012/12/31,12:16:47
12252,33.822719,-84.325890,297.7,0.000,,2012/12/31,12:16:52
12253,33.822756,-84.325906,293.3,0.000,,2012/12/31,12:16:58
12254,33.822771,-84.325925,300.5,0.000,,2012/12/31,12:17:06
12255,33.822749,-84.325893,302.0,0.000,,2012/12/31,12:17:10
12256,33.822794,-84.325844,295.3,0.000,,2012/12/31,12:17:17
12257,33.822836,-84.325817,291.4,0.000,,2012/12/31,12:17:21
12258,33.822865,-84.325764,289.5,0.000,,2012/12/31,12:17:26
12259,33.822812,-84.325666,288.1,0.000,,2012/12/31,12:17:35
12260,33.822788,-84.325646,288.5,0.000,,2012/12/31,12:17:37
12261,33.822750,-84.325622,289.0,0.000,,2012/12/31,12:17:40
12262,33.822667,-84.325536,292.4,0.000,,2012/12/31,12:17:47
12263,33.822604,-84.325456,290.5,0.000,,2012/12/31,12:17:54
12264,33.822551,-84.325374,292.4,0.000,,2012/12/31,12:18:00
12265,33.822510,-84.325346,291.4,0.000,,2012/12/31,12:18:05
12266,33.822502,-84.325351,291.4,0.000,,2012/12/31,12:18:06
12267,33.822414,-84.325334,293.8,0.000,,2012/12/31,12:18:14
12268,33.822375,-84.325326,297.2,0.000,,2012/12/31,12:18:17
12269,33.822307,-84.325247,303.0,0.000,,2012/12/31,12:18:24
12270,33.822289,-84.325181,300.1,0.000,,2012/12/31,12:18:30
12271,33.822309,-84.325101,299.1,0.000,,2012/12/31,12:18:35
12272,33.822353,-84.324960,294.8,0.000,,2012/12/31,12:18:44
12273,33.822369,-84.324937,300.5,0.000,,2012/12/31,12:18:51
12274,33.822439,-84.324839,299.6,0.000,,2012/12/31,12:18:59
12275,33.822453,-84.324777,299.1,0.000,,2012/12/31,12:19:03
12276,33.822466,-84.324695,299.1,0.000,,2012/12/31,12:19:09
12277,33.822460,-84.324623,297.7,0.000,,2012/12/31,12:19:14
12278,33.822462,-84.324579,293.8,0.000,,2012/12/31,12:19:17
12279,33.822458,-84.324511,289.0,0.000,,2012/12/31,12:19:23
12280,33.822466,-84.324439,288.1,0.000,,2012/12/31,12:19:28
12281,33.822472,-84.324397,287.1,0.000,,2012/12/31,12:19:31
12282,33.822477,-84.324358,288.1,0.000,,2012/12/31,12:19:34
12283,33.822503,-84.324264,289.0,0.000,,2012/12/31,12:19:40
12284,33.822505,-84.324231,289.0,0.000,,2012/12/31,12:19:42
12285,33.822506,-84.324198,288.1,0.000,,2012/12/31,12:19:44
12286,33.822483,-84.324184,292.4,0.000,,2012/12/31,12:19:51
12287,33.822467,-84.324160,295.3,0.000,,2012/12/31,12:19:55
12288,33.822509,-84.324100,299.6,0.000,,2012/12/31,12:19:59
12289,33.822571,-84.323987,299.6,0.000,,2012/12/31,12:20:06
12290,33.822616,-84.323927,300.1,0.000,,2012/12/31,12:20:10
12291,33.822650,-84.323894,299.6,0.000,,2012/12/31,12:20:14
12292,33.822718,-84.323878,298.6,0.000,,2012/12/31,12:20:20
12293,33.822799,-84.323862,296.2,0.000,,2012/12/31,12:20:25
12294,33.822889,-84.323858,290.9,0.000,,2012/12/31,12:20:30
12295,33.822978,-84.323861,286.6,0.000,,2012/12/31,12:20:37
12296,33.823091,-84.323864,280.8,0.000,,2012/12/31,12:20:44
12297,33.823128,-84.323855,277.0,0.000,,2012/12/31,12:20:49
12298,33.823128,-84.323848,277.0,0.000,,2012/12/31,12:20:50
12299,33.823108,-84.323847,279.9,0.000,,2012/12/31,12:20:52
12300,33.822987,-84.323849,285.6,0.000,,2012/12/31,12:20:59
12301,33.822914,-84.323850,284.2,0.000,,2012/12/31,12:21:05
12302,33.822874,-84.323858,284.7,0.000,,2012/12/31,12:21:09
12303,33.822791,-84.323879,283.7,0.000,,2012/12/31,12:21:17
12304,33.822785,-84.323885,285.6,0.000,,2012/12/31,12:21:23
12305,33.822790,-84.323882,287.1,0.000,,2012/12/31,12:21:24
12306,33.822793,-84.323884,285.6,0.000,,2012/12/31,12:21:30
12307,33.822754,-84.323872,286.1,0.000,,2012/12/31,12:21:39
12308,33.822677,-84.323882,285.2,0.000,,2012/12/31,12:21:47
12309,33.822601,-84.323901,286.6,0.000,,2012/12/31,12:21:53
12310,33.822584,-84.323925,288.5,0.000,,2012/12/31,12:21:55
12311,33.822544,-84.324034,288.5,0.000,,2012/12/31,12:22:02
12312,33.822541,-84.324045,287.6,0.000,,2012/12/31,12:22:03
12313,33.822490,-84.324145,296.7,0.000,,2012/12/31,12:22:10
12314,33.822421,-84.324109,293.3,0.000,,2012/12/31,12:22:16
12315,33.822365,-84.324085,291.4,0.000,,2012/12/31,12:22:21
12316,33.822335,-84.324057,289.5,0.000,,2012/12/31,12:22:24
12317,33.822279,-84.324014,285.2,0.000,,2012/12/31,12:22:30
12318,33.822225,-84.324044,284.2,0.000,,2012/12/31,12:22:37
12319,33.822170,-84.324015,280.4,0.000,,2012/12/31,12:22:42
12320,33.822147,-84.324019,279.4,0.000,,2012/12/31,12:22:45
12321,33.822081,-84.324040,276.0,0.000,,2012/12/31,12:22:55
12322,33.822018,-84.324040,278.9,0.000,,2012/12/31,12:23:01
12323,33.821992,-84.323988,275.6,0.000,,2012/12/31,12:23:10
12324,33.821991,-84.324032,276.5,0.000,,2012/12/31,12:23:15
12325,33.821978,-84.324104,281.3,0.000,,2012/12/31,12:23:21
12326,33.821927,-84.324164,282.8,0.000,,2012/12/31,12:23:26
12327,33.821862,-84.324269,275.1,0.000,,2012/12/31,12:23:34
12328,33.821827,-84.324309,275.1,0.000,,2012/12/31,12:23:38
12329,33.821814,-84.324368,273.2,0.000,,2012/12/31,12:23:44
12330,33.821816,-84.324380,272.7,0.000,,2012/12/31,12:23:45
12331,33.821794,-84.324413,271.7,0.000,,2012/12/31,12:23:52
12332,33.821744,-84.324398,271.7,0.000,,2012/12/31,12:23:56
12333,33.821594,-84.324397,277.0,0.000,,2012/12/31,12:24:04
12334,33.821536,-84.324409,279.9,0.000,,2012/12/31,12:24:07
12335,33.821421,-84.324413,287.1,0.000,,2012/12/31,12:24:16
12336,33.821482,-84.324469,289.5,0.000,,2012/12/31,12:24:20
12337,33.821540,-84.324458,293.3,0.000,,2012/12/31,12:24:25
12338,33.821595,-84.324446,296.2,0.000,,2012/12/31,12:24:30
12339,33.821665,-84.324450,296.7,0.000,,2012/12/31,12:24:36
12340,33.821691,-84.324394,294.8,0.000,,2012/12/31,12:24:42
12341,33.821712,-84.324348,292.4,0.000,,2012/12/31,12:24:45
12342,33.821790,-84.324293,286.1,0.000,,2012/12/31,12:24:51
12343,33.821865,-84.324211,277.5,0.000,,2012/12/31,12:24:58
12344,33.821897,-84.324163,271.7,0.000,,2012/12/31,12:25:03
12345,33.821920,-84.324101,268.3,0.000,,2012/12/31,12:25:09
12346,33.821995,-84.324115,269.8,0.000,,2012/12/31,12:25:15
12347,33.822088,-84.324103,267.4,0.000,,2012/12/31,12:25:22
12348,33.822111,-84.324105,267.4,0.000,,2012/12/31,12:25:24
12349,33.822188,-84.324129,271.2,0.000,,2012/12/31,12:25:30
12350,33.822294,-84.324131,270.3,0.000,,2012/12/31,12:25:36
12351,33.822363,-84.324191,275.1,0.000,,2012/12/31,12:25:46
12352,33.822427,-84.324192,267.9,0.000,,2012/12/31,12:25:51
12353,33.822460,-84.324187,264.0,0.000,,2012/12/31,12:25:53
12354,33.822515,-84.324224,263.1,0.000,,2012/12/31,12:25:57
12355,33.822521,-84.324241,266.9,0.000,,2012/12/31,12:26:00
12356,33.822472,-84.324363,280.8,0.000,,2012/12/31,12:26:08
12357,33.822430,-84.324463,297.2,0.000,,2012/12/31,12:26:15
12358,33.822408,-84.324493,304.4,0.000,,2012/12/31,12:26:19
12359,33.822412,-84.324540,305.4,0.000,,2012/12/31,12:26:23
12360,33.822377,-84.324650,315.0,0.000,,2012/12/31,12:26:30
12361,33.822380,-84.324670,314.0,0.000,,2012/12/31,12:26:33
12362,33.822373,-84.324727,318.3,0.000,,2012/12/31,12:26:37
12363,33.822369,-84.324797,311.1,0.000,,2012/12/31,12:26:43
12364,33.822370,-84.324833,312.1,0.000,,2012/12/31,12:26:46
12365,33.822337,-84.324914,321.2,0.000,,2012/12/31,12:26:53
12366,33.822322,-84.324935,321.2,0.000,,2012/12/31,12:26:58
12367,33.822319,-84.324972,322.2,0.000,,2012/12/31,12:27:07
12368,33.822320,-84.324971,324.6,0.000,,2012/12/31,12:27:09
12369,33.822368,-84.324942,323.6,0.000,,2012/12/31,12:27:14
12370,33.822455,-84.324900,315.4,0.000,,2012/12/31,12:27:22
12371,33.822477,-84.324903,312.1,0.000,,2012/12/31,12:27:24
12372,33.822571,-84.324909,304.9,0.000,,2012/12/31,12:27:31
12373,33.822651,-84.324930,300.1,0.000,,2012/12/31,12:27:38
12374,33.822689,-84.324945,299.6,0.000,,2012/12/31,12:27:41
12375,33.822792,-84.325003,299.1,0.000,,2012/12/31,12:27:49
12376,33.822878,-84.325020,299.1,0.000,,2012/12/31,12:27:56
12377,33.822932,-84.325047,300.5,0.000,,2012/12/31,12:28:01
12378,33.823045,-84.325105,301.0,0.000,,2012/12/31,12:28:12
12379,33.823104,-84.325136,303.9,0.000,,2012/12/31,12:28:19
12380,33.823176,-84.325147,301.0,0.000,,2012/12/31,12:28:25
12381,33.823188,-84.325151,301.0,0.000,,2012/12/31,12:28:27
12382,33.823275,-84.325176,293.8,0.000,,2012/12/31,12:28:36
12383,33.823299,-84.325191,294.8,0.000,,2012/12/31,12:28:39
12384,33.823349,-84.325233,295.3,0.000,,2012/12/31,12:28:45
12385,33.823408,-84.325283,298.1,0.000,,2012/12/31,12:28:50
12386,33.823420,-84.325310,301.0,0.000,,2012/12/31,12:28:53
12387,33.823466,-84.325373,299.1,0.000,,2012/12/31,12:28:59
12388,33.823497,-84.325450,304.4,0.000,,2012/12/31,12:29:04
12389,33.823550,-84.325547,306.8,0.000,,2012/12/31,12:29:11
12390,33.823555,-84.325581,310.2,0.000,,2012/12/31,12:29:13
12391,33.823567,-84.325649,316.9,0.000,,2012/12/31,12:29:17
12392,33.823576,-84.325732,321.7,0.000,,2012/12/31,12:29:23
12393,33.823574,-84.325753,321.7,0.000,,2012/12/31,12:29:25
12394,33.823577,-84.325833,310.2,0.000,,2012/12/31,12:29:31
12395,33.823608,-84.325893,315.4,0.000,,2012/12/31,12:29:36
12396,33.823612,-84.325929,311.1,0.000,,2012/12/31,12:29:40
12397,33.823547,-84.326017,316.4,0.000,,2012/12/31,12:29:48
12398,33.823589,-84.326032,312.1,0.000,,2012/12/31,12:29:53
12399,33.823651,-84.326085,315.4,0.000,,2012/12/31,12:29:59
12400,33.823685,-84.326178,315.4,0.000,,2012/12/31,12:30:09
12401,33.823699,-84.326219,314.5,0.000,,2012/12/31,12:30:12
12402,33.823704,-84.326258,315.0,0.000,,2012/12/31,12:30:14
12403,33.823716,-84.326364,315.9,0.000,,2012/12/31,12:30:22
12404,33.823723,-84.326377,315.9,0.000,,2012/12/31,12:30:23
12405,33.823738,-84.326423,313.0,0.000,,2012/12/31,12:30:26
12406,33.823737,-84.326513,317.9,0.000,,2012/12/31,12:30:31
12407,33.823742,-84.326566,310.6,0.000,,2012/12/31,12:30:35
12408,33.823744,-84.326621,309.2,0.000,,2012/12/31,12:30:38
12408,33.823744,-84.326751,309.2,0.000,,2012/12/31,12:30:38